Timestamp,shoulder joint X,shoulder joint Y,shoulder joint Z,elbow joint X,elbow joint Y,elbow joint Z,wrist joint X,wrist joint Y,wrist joint Z
6.028345823287964,-2.31,-5.12,-189.14,5.37,-3.51,-9.68,4.54,-5.53,-45.81
6.0343921184539795,-2.36,-5.28,-189.21,5.41,-3.49,-9.73,4.56,-5.51,-45.87
6.054513454437256,-2.4,-5.45,-189.26,5.43,-3.47,-9.8,4.57,-5.47,-45.93
6.056515693664551,-2.5,-5.88,-189.24,5.31,-3.31,-10.05,4.48,-5.26,-46.22
6.069821596,-2.53,-5.97,-189.17,5.22,-3.22,-10.17,4.43,-5.16,-46.37
6.072890043258667,-2.53,-6.04,-189.08,5.12,-3.12,-10.33,4.39,-5.05,-46.53
6.081369400024414,-2.46,-6.11,-188.68,4.82,-2.81,-10.89,4.23,-4.6,-47.14
6.102365970611572,-2.42,-6.1,-188.51,4.73,-2.69,-11.11,4.21,-4.44,-47.37
6.107745647,-2.21,-6.07,-188.06,4.36,-2.29,-11.85,4.03,-3.95,-48.14
6.136568784713745,-2.13,-6.07,-187.95,4.28,-2.2,-12.11,3.97,-3.82,-48.42
6.150795936584473,-2.06,-6.08,-187.85,4.19,-2.11,-12.38,3.89,-3.68,-48.74
6.155260324478149,-1.99,-6.08,-187.78,4.13,-2.05,-12.63,3.88,-3.6,-48.96
6.163735389709473,-1.91,-6.1,-187.75,4.13,-2.01,-12.8,3.87,-3.52,-49.15
6.1648499965667725,-1.84,-6.14,-187.74,4.15,-1.98,-12.95,3.89,-3.47,-49.27
6.173947811126709,-1.72,-6.21,-187.78,4.23,-1.95,-13.12,3.93,-3.39,-49.42
6.183826684951782,-1.67,-6.26,-187.82,4.26,-1.93,-13.17,3.94,-3.35,-49.46
6.1937243938446045,-1.64,-6.29,-187.87,4.27,-1.93,-13.2,3.94,-3.32,-49.49
6.211142301559448,-1.56,-6.38,-188.03,4.26,-1.95,-13.27,3.86,-3.24,-49.59
6.212498188018799,-1.54,-6.35,-188.09,4.21,-1.97,-13.3,3.78,-3.22,-49.62
6.242084741592407,-1.53,-6.31,-188.15,4.19,-2.01,-13.32,3.73,-3.22,-49.65
6.262779951095581,-1.5,-6.28,-188.19,4.16,-2.07,-13.33,3.69,-3.24,-49.66
6.268113374710083,-1.5,-6.25,-188.23,4.13,-2.11,-13.34,3.65,-3.26,-49.66
6.2784247398376465,-1.49,-6.21,-188.26,4.11,-2.17,-13.34,3.61,-3.28,-49.65
6.287418842315674,-1.5,-6.16,-188.3,4.08,-2.22,-13.33,3.54,-3.29,-49.65
6.320435285568237,-1.52,-6.07,-188.34,4.03,-2.27,-13.34,3.47,-3.3,-49.65
6.321887731552124,-1.53,-6,-188.39,3.94,-2.33,-13.36,3.39,-3.3,-49.67
6.353678226470947,-1.57,-5.9,-188.43,3.85,-2.37,-13.39,3.29,-3.29,-49.71
6.368622779846191,-1.64,-5.69,-188.53,3.59,-2.45,-13.52,2.98,-3.22,-49.87
6.380347252,-1.73,-5.43,-188.6,3.25,-2.61,-13.76,2.4,-3.06,-50.13
6.395482778549194,-1.81,-5.33,-188.6,3.04,-2.72,-13.87,2.1,-3.01,-50.22
6.418020486831665,-1.91,-5.24,-188.6,2.82,-2.84,-13.96,1.74,-2.96,-50.3
6.4233739376068115,-2.04,-5.14,-188.58,2.54,-2.97,-14.03,1.36,-2.91,-50.38
6.433274269104004,-2.5,-4.85,-188.32,1.41,-3.38,-14.28,-0.02,-2.78,-50.65
6.441724538803101,-3.02,-4.24,-187.79,-0.07,-3.68,-14.73,-1.51,-2.76,-51.13
6.462235212,-3.17,-3.92,-187.54,-0.54,-3.77,-14.93,-1.94,-2.77,-51.34
6.463736057281494,-3.42,-3.1,-187.08,-1.42,-3.9,-15.37,-2.69,-2.78,-51.77
6.472541809082031,-3.53,-2.64,-186.88,-1.74,-3.94,-15.56,-3.01,-2.74,-51.99
6.482565402984619,-3.61,-2.24,-186.74,-2.06,-3.96,-15.74,-3.21,-2.69,-52.17
6.488974571228027,-3.87,-1.24,-186.56,-2.74,-3.93,-16.21,-3.79,-2.24,-52.75
6.520166635513306,-3.99,-0.99,-186.57,-2.99,-3.88,-16.37,-4,-2.03,-52.93
6.524965763092041,-4.12,-0.75,-186.59,-3.2,-3.83,-16.51,-4.21,-1.82,-53.1
6.535217761993408,-4.27,-0.56,-186.6,-3.41,-3.77,-16.63,-4.47,-1.57,-53.26
6.544877052307129,-4.4,-0.34,-186.56,-3.63,-3.69,-16.72,-4.68,-1.34,-53.38
6.565838337,-4.55,-0.13,-186.43,-3.94,-3.59,-16.82,-4.95,-1.09,-53.49
6.573062896728516,-4.66,0.09,-186.21,-4.2,-3.52,-16.9,-5.23,-0.83,-53.58
6.581969261169434,-4.77,0.27,-185.91,-4.5,-3.44,-16.97,-5.48,-0.61,-53.66
6.591291904449463,-4.84,0.47,-185.54,-4.77,-3.38,-17.03,-5.73,-0.41,-53.72
6.601288318634033,-4.86,1.17,-184.03,-5.6,-3.22,-17.2,-6.42,0.2,-53.91
6.610168457,-4.81,1.45,-183.44,-5.98,-3.13,-17.29,-6.67,0.4,-53.98
6.618783712387085,-4.74,1.73,-182.83,-6.33,-3.06,-17.41,-6.96,0.6,-54.1
6.634203672409058,-4.64,2.01,-182.22,-6.71,-2.99,-17.58,-7.31,0.8,-54.26
6.636467933654785,-4.4,2.61,-180.98,-7.62,-2.88,-18.09,-8.15,1.16,-54.83
6.657952785491943,-4.27,2.85,-180.51,-8.07,-2.87,-18.41,-8.53,1.24,-55.17
6.671881914138794,-4.13,3.12,-180.08,-8.4,-2.9,-18.7,-8.79,1.24,-55.48
6.674741744995117,-3.98,3.32,-179.77,-8.67,-2.95,-19,-9,1.19,-55.77
6.684540510177612,-3.84,3.51,-179.56,-8.86,-3.02,-19.26,-9.14,1.07,-56.03
6.693417549133301,-3.7,3.68,-179.46,-8.98,-3.12,-19.51,-9.18,0.9,-56.24
6.702800989151001,-3.57,3.84,-179.45,-8.97,-3.25,-19.68,-9.13,0.68,-56.4
6.712421894073486,-3.49,3.98,-179.56,-8.85,-3.39,-19.78,-9.02,0.42,-56.49
6.7346415519714355,-3.43,4.07,-179.73,-8.64,-3.55,-19.81,-8.81,0.14,-56.52
6.737152099609375,-3.38,4.21,-180.26,-8.08,-3.87,-19.71,-8.25,-0.4,-56.43
6.739306211471558,-3.42,4.28,-180.61,-7.72,-4.02,-19.56,-7.93,-0.68,-56.32
6.7492289543151855,-3.47,4.36,-180.99,-7.36,-4.15,-19.39,-7.61,-0.93,-56.16
6.759845018386841,-3.53,4.41,-181.34,-7.02,-4.24,-19.22,-7.33,-1.14,-56.01
6.786667108535767,-3.6,4.45,-181.67,-6.7,-4.32,-19.06,-7.1,-1.29,-55.86
6.8260886669158936,-3.69,4.48,-181.97,-6.44,-4.38,-18.9,-6.92,-1.41,-55.71
6.831856012,-3.78,4.55,-182.27,-6.22,-4.44,-18.77,-6.8,-1.47,-55.61
6.851078033447266,-3.86,4.59,-182.52,-6.07,-4.47,-18.67,-6.74,-1.5,-55.54
6.861298084259033,-3.95,4.62,-182.75,-5.98,-4.48,-18.6,-6.71,-1.51,-55.5
6.868664979934692,-4.04,4.66,-182.94,-5.91,-4.46,-18.56,-6.7,-1.49,-55.49
6.884075880050659,-4.15,4.73,-183.14,-5.85,-4.44,-18.55,-6.69,-1.47,-55.5
6.885087251663208,-4.36,4.96,-183.44,-5.76,-4.34,-18.54,-6.66,-1.36,-55.55
6.897209882736206,-4.45,5.18,-183.46,-5.69,-4.26,-18.51,-6.64,-1.23,-55.54
6.899425506591797,-4.45,5.55,-183.31,-5.73,-4.08,-18.51,-6.67,-1.04,-55.54
6.899928569793701,-4.35,5.86,-183.18,-5.8,-3.95,-18.58,-6.76,-0.93,-55.64
6.916676759719849,-4.27,5.99,-183.15,-5.84,-3.89,-18.62,-6.78,-0.9,-55.69
6.926289319992065,-4.18,6.12,-183.14,-5.83,-3.87,-18.65,-6.79,-0.87,-55.73
6.935507297515869,-4.1,6.26,-183.17,-5.78,-3.87,-18.64,-6.76,-0.87,-55.72
6.945326328277588,-4.02,6.38,-183.25,-5.67,-3.9,-18.58,-6.65,-0.92,-55.66
6.9546802043914795,-3.94,6.48,-183.37,-5.51,-3.94,-18.49,-6.52,-1,-55.54
6.9656007289886475,-3.87,6.53,-183.5,-5.34,-3.99,-18.36,-6.38,-1.09,-55.4
6.971728086471558,-3.8,6.56,-183.64,-5.15,-4.06,-18.2,-6.24,-1.2,-55.24
6.991194248199463,-3.74,6.58,-183.78,-4.99,-4.12,-18.02,-6.11,-1.33,-55.08
7.011230945587158,-3.7,6.58,-183.95,-4.84,-4.2,-17.86,-6.02,-1.45,-54.91
7.017119407653809,-3.66,6.55,-184.09,-4.72,-4.27,-17.71,-5.97,-1.58,-54.76
7.027281999588013,-3.65,6.49,-184.23,-4.63,-4.35,-17.58,-5.96,-1.68,-54.64
7.043884992599487,-3.65,6.41,-184.35,-4.61,-4.45,-17.47,-6.01,-1.76,-54.55
7.065221309661865,-3.65,6.3,-184.44,-4.61,-4.57,-17.39,-6.1,-1.8,-54.49
7.072228432,-3.66,6.16,-184.48,-4.64,-4.71,-17.33,-6.23,-1.82,-54.45
7.1084184646606445,-3.67,6,-184.48,-4.69,-4.84,-17.27,-6.4,-1.84,-54.4
7.1105735301971436,-3.69,5.82,-184.45,-4.77,-4.96,-17.21,-6.53,-1.89,-54.34
7.118584632873535,-3.73,5.47,-184.35,-4.9,-5.21,-17.02,-6.69,-2.1,-54.14
7.129507541656494,-3.76,5.3,-184.29,-4.96,-5.32,-16.91,-6.71,-2.28,-54.01
7.145887851715088,-3.78,5.08,-184.21,-4.98,-5.49,-16.72,-6.61,-2.67,-53.81
7.176221132278442,-3.76,5.01,-184.17,-4.95,-5.55,-16.65,-6.48,-2.87,-53.75
7.182532787322998,-3.67,4.95,-184.12,-4.71,-5.6,-16.62,-6.03,-3.25,-53.73
7.183682918548584,-3.54,4.9,-184.1,-4.23,-5.65,-16.72,-5.27,-3.59,-53.84
7.212239742279053,-3.37,4.7,-184.14,-3.48,-5.7,-16.84,-4.35,-3.88,-53.98
7.220005750656128,-3.28,4.52,-184.19,-3.07,-5.72,-16.9,-3.87,-4,-54.05
7.230806350708008,-3.2,4.29,-184.27,-2.67,-5.73,-16.96,-3.42,-4.12,-54.12
7.240318298339844,-3.14,3.99,-184.37,-2.28,-5.72,-17.02,-3.01,-4.23,-54.21
7.24718976,-3.06,3.31,-184.63,-1.54,-5.72,-17.16,-2.3,-4.46,-54.39
7.265642404556274,-3,2.1,-185.2,-0.44,-5.78,-17.4,-1.4,-4.78,-54.67
7.294369459152222,-2.99,1.68,-185.41,-0.09,-5.81,-17.45,-1.07,-4.9,-54.74
7.303589344024658,-2.96,0.82,-185.83,0.69,-5.9,-17.5,-0.4,-5.16,-54.78
7.330634355545044,-2.94,0.4,-186.03,1.12,-5.95,-17.48,0.03,-5.32,-54.75
7.347599029541016,-2.91,-0.06,-186.27,1.56,-5.99,-17.44,0.46,-5.47,-54.71
7.348603725,-2.84,-0.46,-186.49,2.06,-6.01,-17.36,0.91,-5.62,-54.65
7.357745647,-2.77,-0.85,-186.74,2.52,-6.04,-17.27,1.37,-5.76,-54.57
7.394191741943359,-2.67,-1.23,-187.01,3.02,-6.07,-17.18,1.9,-5.93,-54.46
7.408315658569336,-2.48,-2,-187.66,4.02,-6.11,-16.94,2.85,-6.22,-54.24
7.4141271114349365,-2.15,-3.32,-188.91,5.59,-6.2,-16.5,4.28,-6.6,-53.82
7.415161371231079,-2.06,-3.76,-189.31,6.12,-6.23,-16.34,4.69,-6.72,-53.69
7.441899776,-1.78,-5.12,-190.46,7.45,-6.31,-15.92,5.85,-7.12,-53.29
7.454456090927124,-1.66,-5.61,-190.86,7.87,-6.33,-15.79,6.28,-7.28,-53.17
7.455456256866455,-1.55,-6.05,-191.21,8.29,-6.36,-15.66,6.68,-7.47,-53.06
7.4716737270355225,-1.3,-6.89,-191.88,9.21,-6.43,-15.4,7.52,-7.88,-52.83
7.486917734146118,-1.01,-7.78,-192.64,10.23,-6.5,-15.12,8.61,-8.37,-52.54
7.492520809173584,-0.89,-8.15,-193,10.75,-6.54,-14.98,9.15,-8.62,-52.4
7.493522882461548,-0.77,-8.49,-193.39,11.36,-6.54,-14.83,9.79,-8.86,-52.26
7.499871730804443,-0.55,-9.13,-194.21,12.4,-6.48,-14.6,10.93,-9.21,-52.06
7.510427713394165,-0.45,-9.48,-194.67,12.9,-6.4,-14.53,11.45,-9.3,-52
7.5182507038116455,-0.38,-9.78,-195.08,13.44,-6.26,-14.49,11.92,-9.34,-51.99
7.527024269104004,-0.33,-10.08,-195.49,13.85,-6.13,-14.5,12.35,-9.32,-52.03
7.5384087562561035,-0.26,-10.69,-196.27,14.6,-5.8,-14.65,13.17,-9.15,-52.25
7.547849893569946,-0.2,-10.97,-196.61,15.07,-5.57,-14.81,13.59,-9.03,-52.42
7.555262565612793,-0.13,-11.23,-196.9,15.46,-5.37,-14.97,14,-8.92,-52.6
7.564603090286255,-0.07,-11.43,-197.12,15.81,-5.18,-15.13,14.44,-8.84,-52.81
7.581575870513916,0.02,-11.63,-197.3,16.13,-4.98,-15.29,14.82,-8.8,-52.99
7.592035531997681,0.08,-11.79,-197.43,16.45,-4.79,-15.46,15.18,-8.76,-53.18
7.5931572914123535,0.16,-11.94,-197.53,16.81,-4.56,-15.66,15.51,-8.71,-53.37
7.603260278701782,0.24,-12.07,-197.59,17.1,-4.37,-15.84,15.79,-8.64,-53.58
7.611500502,0.33,-12.18,-197.63,17.35,-4.14,-16.03,16.1,-8.54,-53.83
7.621129035949707,0.44,-12.3,-197.63,17.57,-3.91,-16.25,16.32,-8.41,-54.07
7.642771005630493,0.53,-12.41,-197.61,17.75,-3.68,-16.48,16.49,-8.24,-54.34
7.648166895,0.63,-12.51,-197.55,17.9,-3.45,-16.74,16.61,-8.04,-54.62
7.670499801635742,0.72,-12.61,-197.47,18.07,-3.16,-17.07,16.74,-7.78,-54.94
7.675337076187134,0.8,-12.7,-197.38,18.13,-2.93,-17.36,16.84,-7.52,-55.27
7.6875550746917725,0.87,-12.78,-197.29,18.21,-2.68,-17.69,16.89,-7.28,-55.58
7.694069147109985,0.95,-12.85,-197.2,18.25,-2.48,-17.99,16.92,-7.06,-55.88
7.695245981216431,1.02,-12.91,-197.11,18.26,-2.28,-18.29,16.95,-6.86,-56.18
7.710357427597046,1.11,-12.97,-197.02,18.27,-2.1,-18.58,17,-6.67,-56.51
7.715144634246826,1.2,-13.03,-196.93,18.26,-1.93,-18.86,17.01,-6.52,-56.8
7.723301172,1.37,-13.1,-196.76,18.24,-1.67,-19.41,16.94,-6.24,-57.36
7.732825279,1.45,-13.12,-196.69,18.23,-1.55,-19.69,16.89,-6.12,-57.61
7.7503204345703125,1.52,-13.13,-196.62,18.21,-1.49,-19.92,16.82,-6.01,-57.85
7.751475811004639,1.59,-13.13,-196.55,18.18,-1.42,-20.16,16.77,-5.89,-58.12
7.782683372497559,1.65,-13.13,-196.5,18.14,-1.39,-20.37,16.68,-5.8,-58.34
7.787662744522095,1.69,-13.12,-196.47,18.08,-1.38,-20.54,16.56,-5.73,-58.53
7.7975242137908936,1.7,-13.11,-196.46,18.01,-1.39,-20.68,16.44,-5.7,-58.68
7.799804925918579,1.7,-13.08,-196.47,17.92,-1.41,-20.82,16.29,-5.69,-58.82
7.808265924453735,1.67,-13.05,-196.49,17.8,-1.43,-20.93,16.12,-5.71,-58.95
7.8322014808654785,1.64,-13,-196.51,17.68,-1.49,-21.04,15.92,-5.73,-59.05
7.834435701370239,1.61,-12.95,-196.53,17.55,-1.58,-21.12,15.69,-5.75,-59.14
7.877712726593018,1.56,-12.87,-196.54,17.41,-1.68,-21.19,15.44,-5.79,-59.2
7.878823280334473,1.45,-12.69,-196.57,17.06,-1.95,-21.27,14.84,-5.8,-59.29
7.880252838134766,1.37,-12.57,-196.57,16.83,-2.12,-21.28,14.47,-5.82,-59.3
7.890029430389404,1.3,-12.46,-196.58,16.6,-2.34,-21.26,14.06,-5.84,-59.27
7.907274961471558,1.2,-12.34,-196.59,16.33,-2.57,-21.22,13.64,-5.88,-59.23
7.909307003,1.1,-12.24,-196.59,16.01,-2.82,-21.16,13.15,-5.92,-59.17
7.919351577758789,0.98,-12.14,-196.6,15.64,-3.09,-21.09,12.63,-5.98,-59.11
7.928427219390869,0.83,-12.03,-196.61,15.21,-3.41,-21.01,12.06,-6.06,-59.04
7.937468528747559,0.28,-11.59,-196.64,13.77,-4.32,-20.74,10.29,-6.52,-58.77
7.974787235,0.06,-11.39,-196.64,13.26,-4.64,-20.64,9.68,-6.75,-58.65
7.983993291854858,-0.2,-11.14,-196.62,12.77,-4.96,-20.54,9.15,-6.99,-58.54
8.030483961105347,-0.45,-10.84,-196.59,12.25,-5.32,-20.43,8.59,-7.24,-58.41
8.038562774658203,-0.69,-10.5,-196.56,11.76,-5.68,-20.32,8.06,-7.47,-58.29
8.053674936294556,-0.9,-10.17,-196.54,11.34,-6,-20.23,7.61,-7.66,-58.18
8.054679155349731,-1.07,-9.82,-196.54,10.93,-6.31,-20.14,7.18,-7.83,-58.08
8.064772367477417,-1.28,-9.46,-196.59,10.52,-6.64,-20.04,6.77,-7.99,-57.99
8.073810101,-2.12,-8.15,-197.34,9.17,-7.7,-19.69,5.25,-8.45,-57.66
8.111033201217651,-2.39,-7.87,-197.65,8.81,-7.99,-19.59,4.87,-8.54,-57.58
8.116079330444336,-3.3,-7.11,-198.48,7.84,-8.7,-19.27,3.66,-8.72,-57.31
8.117084980010986,-4.28,-6.31,-198.84,6.65,-9.27,-18.92,2.25,-8.69,-56.99
8.122102975845337,-4.58,-6.01,-198.81,6.19,-9.45,-18.82,1.7,-8.64,-56.88
8.130664825439453,-4.9,-5.65,-198.66,5.69,-9.58,-18.73,1.17,-8.57,-56.81
8.139710426330566,-5.17,-5.33,-198.45,5.12,-9.66,-18.67,0.61,-8.47,-56.76
8.167879104614258,-5.42,-4.98,-198.16,4.46,-9.73,-18.64,0.03,-8.35,-56.75
8.184991121292114,-6.01,-3.75,-196.91,2.49,-9.74,-18.82,-1.87,-7.75,-56.99
8.194055557250977,-6.14,-3.24,-196.37,1.71,-9.68,-18.99,-2.55,-7.46,-57.18
8.204110145568848,-6.23,-2.76,-195.87,0.94,-9.6,-19.2,-3.14,-7.16,-57.38
8.206176280975342,-6.29,-2.28,-195.35,0.25,-9.5,-19.41,-3.71,-6.85,-57.61
8.214361190795898,-6.35,-1.74,-194.75,-0.4,-9.39,-19.66,-4.34,-6.49,-57.9
8.228719472885132,-6.38,-1.28,-194.21,-1.14,-9.27,-19.94,-4.86,-6.15,-58.19
8.232804775238037,-6.42,-0.38,-193.13,-2.41,-9,-20.52,-5.95,-5.44,-58.85
8.241829395,-6.42,0.11,-192.56,-3.01,-8.87,-20.84,-6.44,-5.12,-59.2
8.268962621688843,-6.41,0.95,-191.54,-4.16,-8.63,-21.51,-7.41,-4.52,-59.91
8.278171778,-6.38,1.43,-190.99,-4.79,-8.49,-21.9,-7.94,-4.21,-60.31
8.287221670150757,-6.37,1.89,-190.46,-5.39,-8.37,-22.28,-8.47,-3.93,-60.71
8.298265696,-6.32,2.29,-190,-5.88,-8.26,-22.62,-8.91,-3.71,-61.06
8.306463003,-6.27,2.65,-189.58,-6.43,-8.16,-23,-9.35,-3.5,-61.42
8.307484627,-6.2,3.01,-189.18,-6.89,-8.05,-23.33,-9.9,-3.24,-61.84
8.316738129,-6.15,3.41,-188.79,-7.35,-7.95,-23.66,-10.42,-2.98,-62.26
8.32750392,-5.99,3.99,-188.22,-8.35,-7.66,-24.44,-11.59,-2.32,-63.29
8.336748123168945,-5.92,4.34,-187.96,-8.9,-7.47,-24.9,-12.22,-1.96,-63.92
8.355201959609985,-5.85,4.61,-187.75,-9.47,-7.27,-25.42,-12.81,-1.61,-64.57
8.363271474838257,-5.82,4.85,-187.58,-10.11,-7.06,-26.04,-13.36,-1.29,-65.24
8.372273206710815,-5.76,5.15,-187.42,-10.68,-6.87,-26.66,-13.97,-0.94,-66
8.398932456970215,-5.74,5.37,-187.28,-11.15,-6.73,-27.23,-14.26,-0.8,-66.51
8.40712595,-5.74,5.56,-187.16,-11.41,-6.66,-27.65,-14.41,-0.73,-66.92
8.408203840255737,-5.71,5.79,-187.02,-11.52,-6.66,-27.96,-14.51,-0.69,-67.23
8.409226655960083,-5.66,5.95,-186.87,-11.51,-6.71,-28.14,-14.44,-0.73,-67.36
8.421491622924805,-5.59,6.16,-186.7,-11.41,-6.81,-28.2,-14.33,-0.8,-67.38
8.429023504257202,-5.5,6.29,-186.53,-11.28,-6.89,-28.14,-14.16,-0.87,-67.28
8.439026117324829,-5.39,6.43,-186.35,-11.09,-6.99,-28,-14.03,-0.93,-67.12
8.456030130386353,-5.29,6.61,-186.16,-10.97,-7.04,-27.85,-13.82,-1.04,-66.93
8.460030555725098,-5.09,6.91,-185.87,-10.71,-7.19,-27.47,-13.52,-1.3,-66.51
8.475263833999634,-5.01,7.07,-185.77,-10.65,-7.25,-27.26,-13.51,-1.39,-66.31
8.487456321716309,-4.94,7.21,-185.69,-10.66,-7.3,-27.09,-13.47,-1.51,-66.18
8.493457794189453,-4.9,7.3,-185.65,-10.65,-7.35,-26.98,-13.43,-1.61,-66.08
8.510462284088135,-4.84,7.4,-185.64,-10.63,-7.41,-26.9,-13.46,-1.7,-66.01
8.512476682662964,-4.8,7.47,-185.66,-10.63,-7.49,-26.83,-13.43,-1.8,-65.97
8.516479730606079,-4.78,7.56,-185.71,-10.57,-7.58,-26.77,-13.38,-1.92,-65.94
8.523478746414185,-4.74,7.56,-185.78,-10.51,-7.65,-26.73,-13.32,-2.03,-65.9
8.536022186279297,-4.74,7.64,-185.87,-10.4,-7.74,-26.67,-13.19,-2.18,-65.85
8.541015148162842,-4.76,7.67,-185.96,-10.28,-7.84,-26.6,-13.03,-2.35,-65.79
8.556018829345703,-4.75,7.67,-186.06,-10.09,-7.95,-26.51,-12.84,-2.54,-65.71
8.568196296691895,-4.72,7.69,-186.17,-9.9,-8.06,-26.4,-12.64,-2.73,-65.61
8.581520557403564,-4.73,7.75,-186.3,-9.7,-8.18,-26.26,-12.45,-2.94,-65.47
8.587660551071167,-4.71,7.72,-186.41,-9.5,-8.31,-26.12,-12.25,-3.15,-65.34
8.598791599273682,-4.7,7.73,-186.53,-9.26,-8.43,-25.99,-12.03,-3.35,-65.22
8.607794046401978,-4.7,7.68,-186.64,-9.04,-8.53,-25.86,-11.83,-3.52,-65.09
8.615808963775635,-4.73,7.62,-186.76,-8.85,-8.64,-25.72,-11.65,-3.69,-64.97
8.635612011,-4.74,7.52,-186.87,-8.65,-8.74,-25.6,-11.49,-3.85,-64.85
8.644727230072021,-4.78,7.42,-186.98,-8.48,-8.82,-25.5,-11.33,-3.98,-64.74
8.654745817184448,-4.83,7.31,-187.05,-8.31,-8.89,-25.41,-11.18,-4.1,-64.66
8.665134906768799,-4.87,7.18,-187.09,-8.17,-8.97,-25.33,-11.05,-4.21,-64.58
8.672207832336426,-4.9,7.06,-187.1,-8.02,-9.03,-25.27,-10.92,-4.32,-64.53
8.680895328521729,-4.93,6.93,-187.07,-7.91,-9.07,-25.24,-10.82,-4.4,-64.5
8.709042788,-4.99,6.84,-187,-7.86,-9.11,-25.23,-10.72,-4.47,-64.51
8.717663049697876,-4.99,6.59,-186.78,-7.72,-9.16,-25.32,-10.55,-4.59,-64.64
8.720123291015625,-4.97,6.46,-186.65,-7.66,-9.17,-25.42,-10.48,-4.65,-64.74
8.753218412399292,-4.91,6.33,-186.51,-7.61,-9.18,-25.54,-10.39,-4.69,-64.87
8.756090164,-4.86,6.21,-186.36,-7.53,-9.21,-25.67,-10.29,-4.75,-65.01
8.782556056976318,-4.84,6.09,-186.22,-7.45,-9.21,-25.81,-10.2,-4.82,-65.17
8.792415380477905,-4.87,5.94,-186.09,-7.34,-9.23,-25.96,-10.05,-4.91,-65.32
8.801926612854004,-4.86,5.79,-185.98,-7.19,-9.25,-26.11,-9.86,-5.01,-65.47
8.830139398574829,-4.9,5.49,-185.76,-6.83,-9.3,-26.42,-9.41,-5.25,-65.77
8.839257717132568,-4.82,5.35,-185.66,-6.6,-9.33,-26.58,-9.13,-5.38,-65.95
8.859433889389038,-4.78,5.19,-185.56,-6.31,-9.37,-26.75,-8.82,-5.54,-66.1
8.887519836425781,-4.61,4.63,-185.53,-5.31,-9.46,-27.2,-7.69,-6.04,-66.59
8.893874645233154,-4.53,3.77,-185.8,-4.02,-9.57,-27.64,-6.41,-6.63,-67.03
8.904278039932251,-4.52,3.43,-185.93,-3.54,-9.61,-27.76,-5.94,-6.83,-67.16
8.912177085876465,-4.52,3.07,-186.07,-3.05,-9.64,-27.88,-5.42,-7.03,-67.3
8.921463012695312,-4.64,2.01,-186.43,-1.47,-9.68,-28.26,-3.88,-7.56,-67.68
8.922950506210327,-4.68,1.66,-186.54,-0.96,-9.67,-28.41,-3.32,-7.73,-67.85
8.931897401809692,-4.71,1.35,-186.64,-0.4,-9.62,-28.59,-2.8,-7.88,-68.02
8.941440821,-4.62,0.81,-186.84,0.64,-9.54,-28.95,-1.73,-8.16,-68.41
8.950049877166748,-4.41,0.09,-187.37,2.28,-9.44,-29.56,-0.17,-8.54,-69.08
8.964105606079102,-4.25,-0.19,-187.64,2.86,-9.42,-29.75,0.33,-8.67,-69.29
8.968152284622192,-4.07,-0.49,-187.98,3.45,-9.42,-29.91,0.83,-8.81,-69.47
8.977192401885986,-3.85,-0.87,-188.45,4.11,-9.42,-30.06,1.43,-8.98,-69.66
8.986286163330078,-3.7,-1.3,-188.99,4.79,-9.46,-30.17,1.92,-9.13,-69.76
8.997360944747925,-3.58,-1.75,-189.54,5.43,-9.51,-30.21,2.46,-9.3,-69.83
9.012416362762451,-3.46,-2.28,-190.18,6.06,-9.58,-30.21,2.95,-9.47,-69.82
9.041919231414795,-3.38,-2.82,-190.77,6.71,-9.65,-30.14,3.44,-9.66,-69.76
9.072739601135254,-3.25,-3.38,-191.37,7.35,-9.75,-30.01,3.94,-9.86,-69.64
9.095057010650635,-3.1,-3.94,-191.96,8.07,-9.86,-29.8,4.45,-10.08,-69.46
9.106848955154419,-2.99,-4.5,-192.55,8.73,-9.98,-29.56,4.97,-10.31,-69.22
9.121272087097168,-2.91,-5.04,-193.1,9.41,-10.11,-29.27,5.56,-10.56,-68.9
9.124789476394653,-2.78,-5.61,-193.68,10.05,-10.23,-28.95,6.09,-10.81,-68.57
9.130223989486694,-2.66,-6.11,-194.14,10.67,-10.35,-28.6,6.62,-11.07,-68.22
9.135113716125488,-2.31,-7.12,-195.07,11.99,-10.58,-27.82,7.78,-11.64,-67.42
9.163196086883545,-2.18,-7.53,-195.46,12.65,-10.67,-27.42,8.31,-11.92,-67.06
9.172259330749512,-1.65,-8.9,-196.92,14.79,-10.8,-26.12,10.54,-12.82,-65.7
9.197575569152832,-1.44,-9.39,-197.5,15.83,-10.71,-25.58,11.55,-12.96,-65.19
9.221688508987427,-1.22,-9.85,-198.01,16.58,-10.55,-25.28,12.34,-12.91,-64.93
9.227127552,-1.07,-10.14,-198.3,16.91,-10.41,-25.23,12.75,-12.84,-64.91
9.228132963180542,-0.93,-10.36,-198.58,17.21,-10.26,-25.25,13.05,-12.79,-64.96
9.237685441970825,-0.84,-10.56,-198.82,17.42,-10.13,-25.31,13.28,-12.76,-65.06
9.247218132019043,-0.74,-10.72,-199.06,17.64,-10.02,-25.42,13.49,-12.74,-65.2
9.256471633911133,-0.57,-11.01,-199.47,18.11,-9.83,-25.69,13.87,-12.77,-65.5
9.264877080917358,-0.5,-11.14,-199.64,18.35,-9.78,-25.83,14.05,-12.8,-65.65
9.274440050125122,-0.37,-11.35,-199.94,18.83,-9.71,-26.07,14.46,-12.89,-65.92
9.296605110168457,-0.2,-11.63,-200.35,19.55,-9.69,-26.33,15.02,-13.05,-66.24
9.304059505462646,-0.15,-11.7,-200.49,19.78,-9.68,-26.4,15.12,-13.07,-66.33
9.311564445495605,-0.13,-11.76,-200.62,19.93,-9.68,-26.46,15.21,-13.08,-66.42
9.344982862472534,-0.11,-11.83,-200.77,20.06,-9.69,-26.53,15.21,-13.07,-66.5
9.351009845733643,-0.11,-11.88,-200.91,20.13,-9.69,-26.6,15.17,-13.04,-66.58
9.366101741790771,-0.1,-11.94,-201.05,20.17,-9.7,-26.66,15.1,-13.01,-66.65
9.375218152999878,-0.11,-12,-201.2,20.2,-9.72,-26.74,15.01,-12.99,-66.73
9.403380632400513,-0.14,-12.05,-201.35,20.18,-9.75,-26.8,14.86,-12.96,-66.8
9.412445783615112,-0.19,-12.1,-201.52,20.11,-9.79,-26.85,14.68,-12.93,-66.86
9.426031351089478,-0.27,-12.15,-201.65,20,-9.82,-26.9,14.46,-12.88,-66.92
9.439124584197998,-0.36,-12.18,-201.77,19.86,-9.87,-26.95,14.22,-12.84,-66.99
9.441132784,-0.68,-12.15,-201.93,19.28,-10.09,-27.13,13.27,-12.71,-67.18
9.462418794631958,-0.94,-12.05,-201.89,18.77,-10.28,-27.21,12.57,-12.67,-67.24
9.488075733184814,-1.05,-11.97,-201.82,18.47,-10.38,-27.23,12.2,-12.66,-67.25
9.495265007019043,-1.16,-11.88,-201.74,18.15,-10.53,-27.25,11.8,-12.65,-67.25
9.505537748336792,-1.46,-11.56,-201.42,17.1,-10.99,-27.23,10.43,-12.62,-67.17
9.522947072982788,-1.56,-11.45,-201.31,16.7,-11.18,-27.2,9.92,-12.61,-67.12
9.542158842086792,-1.69,-11.31,-201.18,16.27,-11.37,-27.17,9.35,-12.6,-67.04
9.544160128,-1.86,-11.16,-201.06,15.74,-11.6,-27.11,8.75,-12.59,-66.95
9.55232048,-2.03,-10.99,-200.93,15.26,-11.81,-27.05,8.13,-12.59,-66.83
9.571564913,-2.85,-10.23,-200.39,13.15,-12.73,-26.65,5.78,-12.77,-66.31
9.580568075180054,-3.06,-9.96,-200.25,12.56,-12.99,-26.54,5.23,-12.88,-66.17
9.589569091796875,-3.27,-9.67,-200.12,12.03,-13.2,-26.44,4.7,-13,-66.04
9.600573062896729,-3.47,-9.35,-200.02,11.53,-13.42,-26.35,4.15,-13.15,-65.89
9.608573675,-3.69,-8.98,-199.94,11.06,-13.63,-26.26,3.71,-13.31,-65.76
9.616589069366455,-4.07,-8.22,-199.96,10.2,-14.11,-26.02,2.94,-13.71,-65.47
9.635121822357178,-4.27,-7.84,-200.09,9.88,-14.34,-25.88,2.7,-13.89,-65.32
9.636121511,-4.66,-7.17,-200.53,9.48,-14.68,-25.53,2.39,-14.21,-64.93
9.637122154,-4.95,-6.85,-200.9,9.35,-14.82,-25.32,2.26,-14.36,-64.66
9.646260499954224,-5.22,-6.61,-201.29,9.23,-14.94,-25.05,2.19,-14.43,-64.42
9.672487020492554,-5.49,-6.37,-201.69,9.13,-15.01,-24.8,2.11,-14.45,-64.16
9.682490110397339,-5.77,-6.14,-202.07,9.03,-15.05,-24.53,2.02,-14.44,-63.89
9.69249177,-6.07,-5.92,-202.43,8.92,-15.06,-24.26,1.94,-14.34,-63.64
9.701493740081787,-6.41,-5.68,-202.74,8.79,-15.02,-23.99,1.83,-14.17,-63.41
9.710497617721558,-6.74,-5.41,-202.92,8.58,-14.95,-23.7,1.69,-13.91,-63.17
9.720515012741089,-7.05,-5.12,-202.97,8.33,-14.81,-23.46,1.52,-13.57,-62.95
9.734047651290894,-7.34,-4.85,-202.87,8.06,-14.61,-23.3,1.33,-13.18,-62.79
9.738140583,-7.84,-4.18,-202.29,7.28,-14.02,-23.09,0.81,-12.24,-62.61
9.739164590835571,-8.03,-3.8,-201.81,6.76,-13.64,-23.1,0.46,-11.68,-62.63
9.756609201431274,-8.14,-3.37,-201.2,6.08,-13.19,-23.21,0.03,-11.06,-62.75
9.757631063461304,-8.19,-2.92,-200.47,5.38,-12.74,-23.42,-0.53,-10.33,-63.02
9.785844326019287,-8.17,-2.38,-199.59,4.57,-12.24,-23.73,-1.13,-9.59,-63.39
9.793846368789673,-8.11,-1.9,-198.72,3.7,-11.71,-24.17,-1.82,-8.79,-63.9
9.794846534729004,-8,-1.4,-197.81,2.67,-11.15,-24.79,-2.58,-7.96,-64.52
9.804848909378052,-7.86,-0.76,-196.62,1.58,-10.61,-25.53,-3.59,-6.93,-65.42
9.824866533279419,-7.71,-0.28,-195.61,0.45,-10.07,-26.37,-4.49,-6.07,-66.24
9.832044601,-7.55,0.2,-194.57,-0.57,-9.61,-27.18,-5.51,-5.11,-67.21
9.852307558059692,-7.35,0.75,-193.39,-1.61,-9.18,-28.01,-6.44,-4.27,-68.1
9.860347986221313,-7.17,1.2,-192.33,-2.63,-8.78,-28.87,-7.38,-3.5,-69
9.870620489120483,-6.95,1.64,-191.28,-3.76,-8.36,-29.8,-8.32,-2.76,-69.87
9.878715753555298,-6.73,2.06,-190.26,-4.69,-8.04,-30.61,-9.21,-2.13,-70.7
9.888714552,-6.99,1.88,-189.3,-5.57,-7.77,-31.37,-10.17,-1.5,-71.56
9.907719612121582,-6.67,2.36,-188.31,-6.38,-7.53,-32.08,-10.94,-1.06,-72.27
9.915734291,-6.1,3.12,-186.87,-7.72,-7.24,-33.31,-12.18,-0.53,-73.46
9.931268453598022,-5.55,3.87,-185.88,-8.7,-7.15,-34.3,-13.11,-0.41,-74.35
9.942394495010376,-5.27,4.1,-185.68,-8.95,-7.2,-34.61,-13.26,-0.57,-74.61
9.944437742233276,-5.01,4.39,-185.62,-8.99,-7.32,-34.78,-13.26,-0.83,-74.77
9.960836172103882,-4.74,4.58,-185.7,-8.91,-7.48,-34.84,-13.16,-1.16,-74.81
9.962880135,-4.51,4.81,-185.9,-8.68,-7.68,-34.8,-13,-1.53,-74.75
9.973099708557129,-4.21,5.1,-186.57,-7.97,-8.2,-34.36,-12.38,-2.37,-74.28
9.984341382980347,-4.11,5.17,-187.02,-7.5,-8.49,-33.99,-11.99,-2.82,-73.88
9.995611906051636,-4.08,5.19,-187.53,-6.99,-8.8,-33.49,-11.58,-3.23,-73.39
10.008969068527222,-4.17,5.17,-188.67,-6.03,-9.34,-32.36,-10.78,-4.04,-72.13
10.019222259521484,-4.21,5.12,-189.28,-5.57,-9.61,-31.71,-10.44,-4.35,-71.53
10.028974294662476,-4.28,5.04,-189.81,-5.18,-9.83,-31.12,-10.14,-4.66,-70.87
10.037198543548584,-4.39,4.97,-190.36,-4.84,-10.02,-30.54,-9.89,-4.9,-70.3
10.047433376312256,-4.51,4.92,-190.81,-4.56,-10.21,-29.93,-9.7,-5.09,-69.76
10.05464482307434,-4.7,4.85,-191.21,-4.36,-10.35,-29.41,-9.55,-5.25,-69.26
10.066939353942871,-4.83,4.8,-191.56,-4.22,-10.45,-28.95,-9.48,-5.39,-68.75
10.068007946014404,-4.95,4.81,-191.85,-4.13,-10.55,-28.54,-9.43,-5.48,-68.35
10.081286668777466,-5.08,4.88,-192.09,-4.1,-10.62,-28.18,-9.42,-5.54,-68
10.085383892059326,-5.18,4.95,-192.25,-4.11,-10.68,-27.88,-9.44,-5.57,-67.72
10.156578302383423,-5.26,5.05,-192.34,-4.19,-10.72,-27.62,-9.48,-5.58,-67.49
10.164785385131836,-5.34,5.21,-192.38,-4.33,-10.73,-27.42,-9.61,-5.59,-67.29
10.186284303665161,-5.4,5.37,-192.38,-4.49,-10.73,-27.3,-9.73,-5.59,-67.16
10.19348669052124,-5.41,5.49,-192.35,-4.6,-10.72,-27.21,-9.8,-5.59,-67.07
10.312363386154175,-5.39,5.6,-192.32,-4.75,-10.72,-27.14,-9.86,-5.58,-67.02
10.428218364715576,-4.84,5.75,-192.11,-4.6,-10.54,-26.76,-9.1,-5.77,-66.71
10.437256336212158,-4.76,5.61,-192.11,-4.38,-10.46,-26.8,-8.71,-5.85,-66.79
10.44835090637207,-4.71,5.52,-192.09,-4.27,-10.41,-26.86,-8.52,-5.88,-66.88
10.455409049987793,-4.68,5.4,-192.04,-4.14,-10.38,-26.95,-8.34,-5.9,-67
10.464442014694214,-3.79,1.77,-191.19,-1.67,-10.48,-28.73,-5.76,-6.9,-68.86
10.47968077659607,-3.44,-0.46,-192.11,1.04,-10.74,-29.08,-2.77,-8.25,-69.23
10.499851703643799,-3.39,-0.94,-192.39,1.77,-10.8,-29.11,-1.94,-8.61,-69.27
10.505261898040771,-3.33,-1.42,-192.7,2.54,-10.86,-29.14,-1.12,-8.95,-69.29
10.514983892440796,-2.85,-4.36,-194.75,7.73,-11.11,-29.32,4.09,-10.84,-69.51
10.554484844207764,-2.67,-4.94,-195.2,8.64,-11.15,-29.35,4.94,-11.12,-69.57
10.60231065750122,-2.48,-5.46,-195.63,9.64,-11.18,-29.39,5.76,-11.37,-69.63
10.613109588623047,-2.33,-5.98,-196.1,10.55,-11.22,-29.41,6.55,-11.6,-69.68
10.661606788635254,-2.17,-6.53,-196.62,11.44,-11.26,-29.41,7.42,-11.85,-69.71
10.671483993530273,-2,-7.14,-197.25,12.29,-11.26,-29.39,8.19,-12.07,-69.71
10.747944355010986,-1.75,-8.31,-198.47,14,-11.2,-29.3,9.63,-12.45,-69.65
10.751399278640747,-1.65,-8.9,-199.11,14.78,-11.18,-29.23,10.4,-12.61,-69.58
10.760666370391846,-1.11,-11.56,-202,18.06,-10.97,-28.64,13.12,-12.82,-69.05
10.770766496658325,-1,-12.02,-202.45,18.7,-10.85,-28.48,13.68,-12.87,-68.95
10.810435771942139,-0.37,-13.6,-204.02,21.07,-10.09,-28.08,16.31,-13.04,-68.61
10.827485084533691,0.72,-14.22,-205.17,23.4,-8.7,-28.66,18.97,-12.48,-69.3
10.834153175354004,0.88,-14.34,-205.4,23.72,-8.42,-28.86,19.36,-12.35,-69.56
10.842990398406982,1.17,-14.62,-205.88,24.31,-7.86,-29.32,20.09,-12.06,-70.16
10.901635646820068,1.81,-15.3,-206.42,25.36,-5.97,-31.13,20.94,-10.19,-72.26
10.93718934059143,1.91,-15.31,-206.33,25.41,-5.67,-31.45,20.91,-9.88,-72.6
10.965896129608154,2.04,-15.3,-206.17,25.43,-5.39,-31.78,20.91,-9.55,-73
10.969610214233398,2.18,-15.26,-205.97,25.41,-5.14,-32.09,20.78,-9.28,-73.31
10.999931573867798,2.55,-14.95,-204.99,24.78,-4.46,-33.06,19.8,-8.29,-74.4
11.006861448287964,2.64,-14.73,-204.46,24.21,-4.16,-33.55,19.11,-7.77,-74.89
11.030370950698853,2.68,-14.59,-204.2,23.9,-4.07,-33.78,18.73,-7.52,-75.14
11.035150289535522,3.02,-13.6,-202.92,21.99,-4.16,-34.82,16.28,-6.75,-76.18
11.05986213684082,2.89,-12.98,-202.7,20.72,-4.95,-34.62,14.54,-6.84,-75.92
11.061912059783936,2.37,-12.41,-202.46,19.36,-5.78,-34.26,12.66,-6.88,-75.54
11.08210802078247,2.11,-12.13,-202.29,18.67,-6.13,-34.11,11.86,-6.91,-75.39
11.161433696746826,1.83,-11.8,-202.08,18.03,-6.46,-33.99,11.03,-6.97,-75.24
11.171367645263672,0.95,-10.7,-201.42,15.9,-7.53,-33.68,8.68,-7.37,-74.83
11.180438756942749,0.64,-10.26,-201.22,15.1,-7.93,-33.6,7.92,-7.57,-74.7
11.191545724868774,0.07,-9.3,-200.95,13.7,-8.67,-33.48,6.55,-8.09,-74.43
11.199605941772461,-0.19,-8.8,-200.91,13.07,-9.05,-33.41,5.95,-8.38,-74.29
11.209699392318726,-0.69,-7.78,-201.13,12.09,-9.88,-33.17,4.9,-9.08,-73.91
11.21877908706665,-1.21,-6.81,-201.77,11.37,-10.83,-32.68,4.15,-9.82,-73.39
11.22799038887024,-3.48,-4.69,-205.05,10.76,-13.42,-29.7,3.33,-12,-70.35
11.254230260848999,-4.49,-3.9,-205.94,10.3,-14.02,-28.25,2.77,-12.38,-68.86
11.264306783676147,-4.85,-3.59,-206.09,9.96,-14.17,-27.81,2.4,-12.33,-68.45
11.293356895446777,-5.21,-3.28,-206.11,9.49,-14.26,-27.46,1.93,-12.15,-68.16
11.303494215011597,-5.57,-2.96,-206.01,8.94,-14.29,-27.23,1.3,-11.88,-67.94
11.310964345932007,-5.88,-2.68,-205.8,8.22,-14.32,-27.09,0.59,-11.52,-67.84
11.317579746246338,-6.18,-2.39,-205.46,7.43,-14.27,-27.05,-0.23,-11.1,-67.83
11.330189943313599,-6.42,-2.07,-205,6.51,-14.21,-27.12,-1.17,-10.64,-67.93
11.349759578704834,-7.04,-1.01,-202.94,3.22,-13.92,-27.87,-4.43,-9.11,-68.74
11.354556560516357,-7.16,-0.61,-202.09,2,-13.81,-28.27,-5.61,-8.6,-69.13
11.363755464553833,-7.25,-0.19,-201.21,0.76,-13.69,-28.71,-6.96,-8.06,-69.61
11.378903150558472,-7.21,1.19,-198.63,-2.87,-13.37,-30.21,-10.21,-6.97,-71.02
11.382550477981567,-7.14,1.73,-197.82,-3.95,-13.3,-30.72,-11.32,-6.7,-71.56
11.383553266525269,-7.02,2.2,-197.19,-5.04,-13.24,-31.25,-12.14,-6.58,-72.02
11.413472414016724,-6.89,2.66,-196.67,-5.84,-13.22,-31.68,-12.8,-6.55,-72.44
11.415588855743408,-6.65,3.55,-196.02,-6.94,-13.29,-32.36,-13.66,-6.71,-73.07
11.431177854537964,-6.56,3.96,-195.87,-7.21,-13.38,-32.56,-13.91,-6.89,-73.27
11.433572769165039,-6.54,4.31,-195.82,-7.32,-13.5,-32.65,-13.91,-7.1,-73.35
11.441085815429688,-6.5,4.64,-195.88,-7.31,-13.65,-32.63,-13.79,-7.35,-73.32
11.46067190170288,-6.57,5.02,-196.06,-7.17,-13.82,-32.49,-13.57,-7.61,-73.17
11.467797994613647,-6.64,5.44,-196.31,-6.89,-13.98,-32.28,-13.26,-7.87,-72.92
11.495001792907715,-6.71,5.59,-196.58,-6.56,-14.13,-32.01,-12.9,-8.09,-72.64
11.496006488800049,-6.84,5.83,-196.86,-6.24,-14.26,-31.67,-12.56,-8.26,-72.32
11.53746485710144,-6.93,6.1,-197.19,-5.93,-14.34,-31.35,-12.26,-8.4,-71.96
11.541229724884033,-7.02,6.19,-197.48,-5.65,-14.41,-31.04,-12,-8.47,-71.66
11.568259954452515,-7.16,6.28,-197.73,-5.44,-14.48,-30.73,-11.83,-8.49,-71.39
11.580379724502563,-7.31,6.42,-197.99,-5.3,-14.48,-30.48,-11.75,-8.49,-71.14
11.588504076004028,-7.55,6.54,-198.36,-5.2,-14.46,-30.1,-11.8,-8.38,-70.82
11.596723318099976,-7.62,6.58,-198.49,-5.27,-14.45,-29.96,-11.92,-8.29,-70.73
11.624405145645142,-7.82,6.72,-198.65,-5.49,-14.41,-29.81,-12.36,-8.09,-70.61
11.634961605072021,-7.88,6.74,-198.66,-5.65,-14.41,-29.75,-12.54,-8,-70.56
11.660295963287354,-7.86,6.71,-198.39,-6.14,-14.41,-29.44,-13.09,-7.76,-70.23
11.68378233909607,-7.8,6.67,-198.28,-6.24,-14.42,-29.33,-13.18,-7.71,-70.1
11.700884819030762,-7.55,6.54,-197.96,-6.47,-14.4,-28.95,-13.27,-7.71,-69.7
11.714006185531616,-7.47,6.48,-197.86,-6.55,-14.39,-28.83,-13.33,-7.73,-69.55
11.719343423843384,-7.39,6.42,-197.76,-6.59,-14.4,-28.72,-13.26,-7.77,-69.44
11.727143287658691,-7.29,6.33,-197.68,-6.56,-14.39,-28.63,-13.16,-7.83,-69.33
11.735817193984985,-6.98,5.95,-197.4,-6.36,-14.37,-28.41,-12.74,-8.02,-69.1
11.745744705200195,-6.69,5.36,-197.14,-5.92,-14.36,-28.3,-12.06,-8.19,-69.02
11.793198108673096,-6.55,4.87,-196.96,-5.57,-14.26,-28.3,-11.53,-8.31,-69.03
11.799668073654175,-6.42,4.36,-196.79,-5.15,-14.09,-28.45,-10.87,-8.42,-69.16
11.80956220626831,-6.36,4.13,-196.69,-4.9,-13.97,-28.58,-10.49,-8.47,-69.28
11.825599431991577,-6.29,3.93,-196.6,-4.61,-13.84,-28.77,-10.07,-8.53,-69.45
11.825599431991577,-6.23,3.73,-196.51,-4.31,-13.7,-29,-9.6,-8.56,-69.69
11.834853649139404,-6.15,3.53,-196.4,-3.96,-13.56,-29.27,-9.11,-8.6,-69.98
11.840727806091309,-6.03,3.33,-196.32,-3.56,-13.39,-29.61,-8.58,-8.62,-70.32
11.854264259338379,-5.65,2.65,-196.21,-2.09,-12.93,-30.67,-6.79,-8.78,-71.5
11.864559888839722,-5.19,1.7,-196.54,-0.23,-12.51,-31.68,-4.68,-9.12,-72.63
11.88334035873413,-5.04,1.31,-196.78,0.51,-12.38,-31.99,-3.9,-9.26,-72.96
11.891670227050781,-4.9,0.9,-197.07,1.37,-12.24,-32.3,-3.06,-9.43,-73.25
11.893710851669312,-4.79,0.48,-197.41,2.22,-12.11,-32.54,-2.16,-9.61,-73.52
11.90425992012024,-4.69,0.02,-197.83,3.1,-11.98,-32.75,-1.14,-9.79,-73.79
11.910942792892456,-4.6,-0.39,-198.24,4.07,-11.82,-32.97,-0.21,-9.92,-74.03
11.932082414627075,-4.54,-0.79,-198.66,4.97,-11.66,-33.17,0.71,-10.01,-74.27
11.941361665725708,-4.42,-1.17,-199.08,5.86,-11.51,-33.37,1.58,-10.05,-74.51
11.971418619155884,-4.29,-1.59,-199.54,6.74,-11.37,-33.57,2.5,-10.05,-74.8
11.974533557891846,-3.99,-2.41,-200.37,8.5,-11.09,-33.98,4.1,-9.98,-75.35
11.984434366226196,-3.81,-2.82,-200.76,9.41,-10.96,-34.16,4.75,-9.93,-75.57
11.993196249008179,-3.6,-3.29,-201.19,10.19,-10.86,-34.28,5.45,-9.88,-75.78
11.99438190460205,-3.39,-3.74,-201.58,11.04,-10.76,-34.37,6.02,-9.85,-75.93
12.01917314529419,-3.2,-4.21,-201.96,11.76,-10.67,-34.4,6.57,-9.84,-76.02
12.031363487243652,-3,-4.7,-202.33,12.41,-10.58,-34.4,7.19,-9.88,-76.06
12.034375190734863,-2.77,-5.26,-202.72,13.11,-10.46,-34.37,7.71,-9.96,-76.04
12.043439865112305,-2.25,-6.77,-203.67,14.78,-10.17,-34.15,9.3,-10.26,-75.76
12.050476551055908,-2.09,-7.22,-203.91,15.32,-10.07,-34.06,9.83,-10.31,-75.65
12.059535026550293,-1.87,-7.66,-204.12,15.99,-9.91,-33.96,10.44,-10.32,-75.56
12.070597171783447,-1.64,-8.04,-204.27,16.48,-9.78,-33.91,11.06,-10.3,-75.51
12.079678297042847,-1.42,-8.36,-204.36,16.95,-9.64,-33.9,11.59,-10.26,-75.51
12.087753057479858,-1.18,-8.64,-204.43,17.48,-9.45,-33.92,12.11,-10.22,-75.57
12.09779667854309,-0.94,-8.9,-204.5,17.91,-9.28,-33.99,12.68,-10.17,-75.68
12.10485291481018,-0.65,-9.18,-204.57,18.3,-9.08,-34.1,13.13,-10.13,-75.84
12.114896059036255,-0.4,-9.42,-204.64,18.73,-8.86,-34.27,13.56,-10.11,-76.04
12.124963998794556,-0.15,-9.66,-204.73,19.11,-8.69,-34.45,14.01,-10.08,-76.31
12.133511304855347,0.14,-9.94,-204.85,19.47,-8.51,-34.65,14.38,-10.06,-76.56
12.165735483169556,0.36,-10.19,-204.96,19.81,-8.33,-34.86,14.73,-10.03,-76.83
12.172769784927368,0.57,-10.45,-205.06,20.15,-8.14,-35.09,15.05,-10,-77.1
12.178795576095581,0.76,-10.71,-205.15,20.54,-7.96,-35.34,15.37,-9.96,-77.36
12.18788766860962,0.9,-10.94,-205.23,20.89,-7.83,-35.56,15.67,-9.9,-77.61
12.198589563369751,1.03,-11.16,-205.31,21.23,-7.7,-35.78,15.98,-9.84,-77.86
12.20109248161316,1.18,-11.37,-205.37,21.54,-7.57,-35.99,16.29,-9.78,-78.1
12.216692686080933,1.41,-11.59,-205.43,21.86,-7.44,-36.2,16.66,-9.71,-78.37
12.231464862823486,1.56,-11.78,-205.47,22.17,-7.32,-36.4,16.94,-9.65,-78.6
12.235445737838745,2.02,-12.32,-205.5,22.91,-6.88,-36.95,17.56,-9.46,-79.27
12.246607542037964,2.15,-12.5,-205.48,23.11,-6.71,-37.15,17.68,-9.37,-79.49
12.274941205978394,2.27,-12.66,-205.45,23.25,-6.55,-37.33,17.77,-9.25,-79.7
12.276224851608276,2.38,-12.83,-205.39,23.38,-6.37,-37.54,17.88,-9.08,-79.96
12.302077054977417,2.46,-12.96,-205.29,23.46,-6.19,-37.75,17.88,-8.89,-80.17
12.303077459335327,2.52,-13.06,-205.17,23.47,-6.04,-37.95,17.83,-8.67,-80.39
12.310420751571655,2.57,-13.14,-204.99,23.43,-5.89,-38.15,17.78,-8.41,-80.65
12.340160608291626,2.62,-13.18,-204.79,23.37,-5.72,-38.39,17.63,-8.18,-80.9
12.346618890762329,2.66,-13.19,-204.55,23.25,-5.58,-38.62,17.46,-7.9,-81.18
12.366748571395874,2.72,-13.18,-204.25,23.09,-5.44,-38.85,17.24,-7.66,-81.45
12.37417721748352,2.85,-13.08,-203.65,22.65,-5.2,-39.34,16.69,-7.25,-81.98
12.382963418960571,3.04,-12.81,-202.71,21.83,-5,-40.05,15.62,-6.72,-82.72
12.402045965194702,3.07,-12.69,-202.4,21.48,-4.99,-40.26,15.19,-6.55,-82.94
12.413774013519287,3.09,-12.57,-202.11,21.13,-5.01,-40.44,14.78,-6.41,-83.13
12.428550481796265,3.07,-12.26,-201.55,20.41,-5.13,-40.74,13.94,-6.23,-83.43
12.437638759613037,3.04,-12.09,-201.3,20,-5.23,-40.88,13.48,-6.19,-83.56
12.457818746566772,2.92,-11.7,-200.79,19.18,-5.56,-41.06,12.43,-6.14,-83.73
12.459853172302246,2.83,-11.47,-200.52,18.72,-5.78,-41.11,11.8,-6.14,-83.77
12.47178840637207,2.71,-11.26,-200.3,18.25,-6.03,-41.13,11.18,-6.17,-83.78
12.483959436416626,2.57,-11.05,-200.09,17.68,-6.29,-41.11,10.54,-6.22,-83.74
12.493285179138184,2.21,-10.6,-199.78,16.57,-6.88,-40.98,9.21,-6.4,-83.56
12.501878499984741,1.8,-10.13,-199.61,15.38,-7.51,-40.72,7.87,-6.68,-83.25
12.507519483566284,1.52,-9.87,-199.58,14.78,-7.84,-40.55,7.14,-6.85,-83.03
12.512376546859741,1.28,-9.64,-199.58,14.12,-8.19,-40.35,6.51,-7.02,-82.82
12.523127794265747,1.03,-9.4,-199.62,13.54,-8.51,-40.15,5.91,-7.2,-82.6
12.531893014907837,0.8,-9.14,-199.69,12.99,-8.82,-39.94,5.31,-7.41,-82.34
12.541890144348145,0.34,-8.54,-199.97,12.02,-9.46,-39.49,4.44,-7.84,-81.8
12.546313047409058,0.13,-8.22,-200.17,11.63,-9.78,-39.22,4.12,-8.09,-81.5
12.54981517791748,-0.09,-7.86,-200.44,11.23,-10.15,-38.86,3.83,-8.39,-81.13
12.55977463722229,-0.45,-7.49,-200.75,10.97,-10.44,-38.53,3.59,-8.68,-80.73
12.56814193725586,-0.69,-7.16,-201.06,10.74,-10.74,-38.12,3.42,-8.92,-80.35
12.589751720428467,-0.92,-6.82,-201.41,10.58,-11.02,-37.71,3.23,-9.15,-79.9
12.604467868804932,-1.16,-6.45,-201.82,10.43,-11.33,-37.24,3.05,-9.3,-79.48
12.616426229476929,-1.39,-6.14,-202.19,10.29,-11.6,-36.8,2.83,-9.42,-79.01
12.642980337142944,-1.65,-5.81,-202.58,10.13,-11.85,-36.36,2.61,-9.48,-78.57
12.652413129806519,-1.89,-5.55,-202.91,9.94,-12.08,-35.9,2.36,-9.51,-78.12
12.656691789627075,-2.13,-5.31,-203.2,9.72,-12.3,-35.44,2.06,-9.5,-77.67
12.66262936592102,-2.35,-5.08,-203.45,9.44,-12.51,-34.99,1.71,-9.49,-77.22
12.672943353652954,-2.6,-4.85,-203.65,9.08,-12.71,-34.51,1.31,-9.46,-76.78
12.680458068847656,-2.86,-4.6,-203.8,8.64,-12.89,-34.05,0.81,-9.43,-76.31
12.70537519454956,-3.12,-4.33,-203.87,8.14,-13.04,-33.63,0.26,-9.37,-75.87
12.70903992652893,-3.36,-4.08,-203.86,7.6,-13.14,-33.29,-0.27,-9.29,-75.52
12.713496446609497,-3.8,-3.45,-203.63,6.44,-13.25,-32.75,-1.44,-9.07,-74.93
12.726304769515991,-3.96,-3.1,-203.44,5.74,-13.28,-32.54,-2.01,-8.82,-74.77
12.728408813476562,-4.08,-2.72,-203.22,5.06,-13.26,-32.42,-2.64,-8.43,-74.72
12.737672090530396,-4.19,-2.31,-203,4.37,-13.17,-32.4,-3.14,-8,-74.73
12.747236490249634,-4.3,-1.81,-202.75,3.7,-13.02,-32.43,-3.7,-7.56,-74.79
12.756476640701294,-4.39,-1.37,-202.51,3.04,-12.83,-32.53,-4.41,-7.04,-75
12.774596214294434,-4.57,-0.42,-202,1.17,-12.15,-33.21,-5.99,-6.08,-75.97
12.795459032058716,-4.64,0.09,-201.73,0.29,-11.81,-33.71,-6.65,-5.79,-76.54
12.80221939086914,-4.68,0.54,-201.48,-0.53,-11.52,-34.28,-7.11,-5.67,-77.02
12.811591863632202,-4.69,0.96,-201.22,-1.07,-11.35,-34.74,-7.56,-5.57,-77.49
12.812639236450195,-4.71,1.45,-200.93,-1.45,-11.25,-35.11,-7.87,-5.49,-77.86
12.82228946685791,-4.65,1.86,-200.64,-1.79,-11.16,-35.43,-8.07,-5.42,-78.14
12.838260650634766,-4.58,2.27,-200.35,-1.98,-11.1,-35.64,-8.14,-5.38,-78.3
12.83926010131836,-4.48,2.65,-200.07,-2.03,-11.09,-35.75,-8.12,-5.34,-78.35
12.848984718322754,-4.36,3.01,-199.81,-1.99,-11.09,-35.74,-8.05,-5.29,-78.32
12.859024286270142,-4.24,3.61,-199.36,-1.92,-10.97,-35.52,-7.85,-5.17,-78.12
12.867769479751587,-4.13,3.82,-199.22,-1.91,-10.88,-35.38,-7.79,-5.09,-77.98
12.876782417297363,-4.01,3.98,-199.18,-1.94,-10.77,-35.23,-7.75,-5,-77.87
12.88580870628357,-3.89,4.09,-199.18,-1.96,-10.68,-35.11,-7.8,-4.87,-77.76
12.904049396514893,-3.86,4.21,-199.21,-2.01,-10.57,-35.01,-7.87,-4.75,-77.68
12.921065092086792,-3.82,4.23,-199.25,-2.12,-10.46,-34.93,-7.96,-4.63,-77.64
12.940147876739502,-3.78,4.27,-199.28,-2.23,-10.35,-34.88,-8.04,-4.51,-77.61
12.95189380645752,-3.75,4.29,-199.3,-2.34,-10.25,-34.86,-8.15,-4.38,-77.6
12.958800792694092,-3.7,4.21,-199.32,-2.45,-10.16,-34.85,-8.21,-4.29,-77.61
12.968488216400146,-3.68,4.27,-199.28,-2.53,-10.07,-34.86,-8.25,-4.21,-77.63
12.97738003730774,-3.67,4.32,-199.22,-2.6,-9.99,-34.87,-8.25,-4.16,-77.66
12.998933553695679,-3.74,4.31,-199.16,-2.69,-9.9,-34.89,-8.24,-4.13,-77.7
13.000973463058472,-3.74,4.38,-199.09,-2.73,-9.8,-34.92,-8.19,-4.12,-77.76
13.005362033843994,-3.7,4.43,-198.99,-2.75,-9.73,-34.96,-8.13,-4.12,-77.83
13.014787197113037,-3.25,4.5,-198.81,-2.73,-9.52,-35.15,-7.89,-4.16,-78.11
13.015822649002075,-3.04,4.55,-198.77,-2.68,-9.47,-35.24,-7.81,-4.16,-78.21
13.025821447372437,-2.93,4.61,-198.78,-2.6,-9.45,-35.32,-7.71,-4.16,-78.3
13.034477710723877,-2.88,4.58,-198.85,-2.49,-9.44,-35.38,-7.59,-4.18,-78.36
13.061606407165527,-2.87,4.51,-198.98,-2.35,-9.43,-35.41,-7.47,-4.19,-78.41
13.083878993988037,-2.88,4.36,-199.08,-2.22,-9.41,-35.42,-7.32,-4.22,-78.42
13.085882902145386,-2.78,4.01,-199.18,-2.05,-9.43,-35.4,-7.18,-4.26,-78.41
13.10705018043518,-2.8,3.81,-199.19,-1.87,-9.46,-35.34,-7.06,-4.28,-78.36
13.116676330566406,-2.76,3.64,-199.14,-1.71,-9.5,-35.26,-6.97,-4.27,-78.31
13.117780685424805,-2.73,3.51,-199.06,-1.61,-9.53,-35.16,-6.92,-4.25,-78.24
13.127589464187622,-2.67,3.34,-198.95,-1.56,-9.56,-35.09,-6.9,-4.23,-78.19
13.136506080627441,-2.61,3.06,-198.61,-1.59,-9.55,-35.02,-6.91,-4.23,-78.12
13.14528489112854,-2.62,2.94,-198.42,-1.65,-9.52,-35.04,-6.91,-4.26,-78.14
13.15479063987732,-2.64,2.86,-198.23,-1.73,-9.46,-35.09,-6.86,-4.33,-78.19
13.155826330184937,-2.66,2.85,-197.84,-1.73,-9.34,-35.33,-6.65,-4.55,-78.43
13.175013542175293,-2.55,3.01,-197.46,-1.5,-9.21,-35.71,-6.19,-4.83,-78.82
13.184880495071411,-2.47,3.11,-197.32,-1.28,-9.14,-35.93,-5.85,-4.98,-79.05
13.19265365600586,-2.38,3.24,-197.23,-1.01,-9.07,-36.14,-5.45,-5.11,-79.29
13.212337017059326,-2.28,3.31,-197.22,-0.7,-9.01,-36.37,-5.01,-5.21,-79.56
13.221351385116577,-2.22,3.36,-197.29,-0.3,-8.95,-36.62,-4.56,-5.29,-79.82
13.222354650497437,-2.18,3.38,-197.4,0.11,-8.92,-36.83,-4.15,-5.34,-80.05
13.256131172180176,-2.15,3.35,-197.53,0.55,-8.88,-37.04,-3.75,-5.38,-80.28
13.25813889503479,-2.15,3.25,-197.68,0.96,-8.85,-37.22,-3.39,-5.41,-80.5
13.269250392913818,-2.2,3.12,-197.83,1.36,-8.82,-37.37,-3.01,-5.43,-80.74
13.302440881729126,-2.25,2.96,-197.98,1.73,-8.78,-37.52,-2.72,-5.45,-80.91
13.30545425415039,-2.31,2.8,-198.13,2.07,-8.73,-37.66,-2.43,-5.47,-81.11
13.313547134399414,-2.38,2.64,-198.24,2.41,-8.7,-37.8,-2.19,-5.48,-81.29
13.32157826423645,-2.43,2.47,-198.29,2.69,-8.65,-37.93,-2.01,-5.49,-81.46
13.324627876281738,-2.47,2.31,-198.31,2.9,-8.59,-38.06,-1.89,-5.49,-81.6
13.33217716217041,-2.46,2.02,-198.26,3.22,-8.51,-38.32,-1.77,-5.47,-81.89
13.344253778457642,-2.43,1.88,-198.22,3.35,-8.46,-38.47,-1.72,-5.46,-82.04
13.359370708465576,-2.34,1.6,-198.2,3.59,-8.41,-38.73,-1.63,-5.41,-82.31
13.378481149673462,-2.26,1.3,-198.27,3.82,-8.39,-38.93,-1.55,-5.4,-82.51
13.379483461380005,-2.23,1.14,-198.33,3.94,-8.41,-39,-1.51,-5.39,-82.58
13.40972638130188,-2.2,0.97,-198.43,4.07,-8.45,-39.03,-1.46,-5.4,-82.61
13.416756629943848,-2.18,0.81,-198.53,4.2,-8.49,-39.02,-1.4,-5.44,-82.61
13.426842212677002,-2.17,0.65,-198.64,4.32,-8.53,-38.98,-1.31,-5.49,-82.57
13.428346872329712,-2.18,0.5,-198.77,4.44,-8.56,-38.93,-1.22,-5.57,-82.52
13.435417652130127,-2.19,0.37,-198.91,4.55,-8.6,-38.87,-1.14,-5.64,-82.47
13.443450927734375,-2.2,0.26,-199.04,4.63,-8.63,-38.82,-1.08,-5.7,-82.43
13.461581707000732,-2.24,0.17,-199.17,4.69,-8.66,-38.78,-1.02,-5.76,-82.41
13.475675582885742,-2.26,0.11,-199.28,4.75,-8.7,-38.77,-0.98,-5.82,-82.41
13.509881734848022,-2.33,0.03,-199.55,4.94,-8.8,-38.78,-0.82,-6,-82.48
13.511882543563843,-2.34,0.02,-199.65,5.03,-8.83,-38.78,-0.74,-6.08,-82.49
13.519885778427124,-2.36,0.01,-199.77,5.13,-8.86,-38.77,-0.65,-6.16,-82.48
13.538076400756836,-2.38,-0.01,-199.89,5.24,-8.9,-38.75,-0.57,-6.22,-82.46
13.545939445495605,-2.39,-0.04,-200.02,5.34,-8.94,-38.72,-0.49,-6.27,-82.43
13.557775974273682,-2.43,-0.07,-200.17,5.44,-8.97,-38.68,-0.44,-6.3,-82.4
13.595736265182495,-2.47,-0.11,-200.31,5.52,-9.01,-38.65,-0.4,-6.31,-82.38
13.600236415863037,-2.53,-0.16,-200.46,5.57,-9.03,-38.61,-0.39,-6.3,-82.37
13.61713981628418,-2.67,-0.23,-200.68,5.62,-9.05,-38.57,-0.44,-6.24,-82.37
13.635321140289307,-2.74,-0.26,-200.75,5.6,-9.04,-38.55,-0.49,-6.21,-82.37
13.644804239273071,-2.81,-0.28,-200.79,5.57,-9.04,-38.55,-0.55,-6.18,-82.38
13.653514623641968,-2.87,-0.3,-200.81,5.36,-8.97,-38.57,-0.83,-6.08,-82.43
13.671681642532349,-2.89,-0.27,-200.78,5.29,-8.97,-38.59,-0.93,-6.05,-82.45
13.680881261825562,-2.91,-0.19,-200.68,5.16,-8.98,-38.62,-1.11,-6.01,-82.49
13.699653625488281,-2.89,-0.06,-200.58,5.01,-9.06,-38.61,-1.31,-6,-82.52
13.70893645,-2.89,-0.04,-200.57,4.96,-9.09,-38.59,-1.35,-6.01,-82.52
13.727310419082642,-2.89,0.04,-200.58,4.89,-9.16,-38.54,-1.44,-6.05,-82.5
13.736675024032593,-2.9,0.08,-200.62,4.83,-9.25,-38.48,-1.54,-6.12,-82.46
13.737756490707397,-2.92,0.11,-200.65,4.81,-9.3,-38.45,-1.57,-6.18,-82.43
13.747604131698608,-2.94,0.15,-200.7,4.76,-9.42,-38.38,-1.62,-6.29,-82.37
13.789541959762573,-2.95,0.17,-200.72,4.75,-9.49,-38.34,-1.67,-6.35,-82.31
13.79564118385315,-3.02,0.19,-200.79,4.74,-9.63,-38.23,-1.73,-6.46,-82.2
13.809342384338379,-3.04,0.18,-200.83,4.73,-9.7,-38.16,-1.75,-6.51,-82.13
13.81135606765747,-3.04,0.16,-200.88,4.71,-9.77,-38.07,-1.77,-6.56,-82.05
13.820411205291748,-3.08,0.17,-200.98,4.69,-9.91,-37.87,-1.81,-6.7,-81.87
13.838786840438843,-3.08,0.19,-201.04,4.69,-9.97,-37.77,-1.84,-6.76,-81.76
13.849021673202515,-3.08,0.19,-201.08,4.68,-10.03,-37.66,-1.86,-6.82,-81.66
13.858261108398438,-3.06,0.21,-201.12,4.67,-10.09,-37.54,-1.88,-6.86,-81.56
13.891633987426758,-3.03,0.22,-201.26,4.63,-10.19,-37.2,-1.93,-6.97,-81.21
13.900635004043579,-3.01,0.22,-201.33,4.61,-10.2,-37.09,-1.93,-6.99,-81.1
13.906636238098145,-2.98,0.23,-201.41,4.59,-10.19,-36.97,-1.93,-7,-80.98
13.91363811,-2.96,0.23,-201.5,4.58,-10.18,-36.87,-1.92,-7,-80.87
13.921653509140015,-2.93,0.23,-201.71,4.55,-10.14,-36.65,-1.87,-6.95,-80.68
13.932187795639038,-2.94,0.24,-201.81,4.54,-10.09,-36.56,-1.85,-6.89,-80.6
13.950191736221313,-2.94,0.22,-201.89,4.52,-10.04,-36.48,-1.82,-6.84,-80.54
13.96947693824768,-2.94,0.2,-201.95,4.5,-10,-36.42,-1.8,-6.78,-80.49
13.979649782180786,-2.93,0.2,-201.98,4.35,-9.76,-36.34,-1.8,-6.53,-80.49
13.990330934524536,-2.92,0.22,-201.93,4.29,-9.66,-36.37,-1.83,-6.43,-80.54
13.997946739196777,-2.89,0.27,-201.86,4.21,-9.57,-36.41,-1.86,-6.34,-80.6
14.015961408615112,-2.86,0.29,-201.79,4.12,-9.48,-36.48,-1.9,-6.23,-80.68
14.045782804489136,-2.83,0.32,-201.69,4.03,-9.38,-36.56,-1.94,-6.13,-80.78
14.06340503692627,-2.7,0.41,-201.45,3.88,-9.21,-36.76,-2.02,-5.92,-81.03
14.071263074874878,-2.62,0.45,-201.24,3.77,-9.05,-36.96,-2.06,-5.76,-81.25
14.085761308670044,-2.55,0.44,-201.15,3.73,-8.99,-37.05,-2.08,-5.69,-81.37
14.09268856048584,-2.49,0.45,-201.06,3.71,-8.93,-37.14,-2.07,-5.64,-81.47
14.106798648834229,-2.43,0.45,-200.99,3.69,-8.88,-37.23,-2.06,-5.61,-81.56
14.119080305099487,-2.33,0.4,-200.88,3.71,-8.8,-37.38,-1.99,-5.59,-81.73
14.12719178199768,-2.28,0.38,-200.84,3.72,-8.75,-37.45,-1.94,-5.59,-81.81
14.134837865829468,-2.17,0.33,-200.78,3.82,-8.64,-37.64,-1.76,-5.6,-82.05
14.144496202468872,-2.13,0.27,-200.78,3.91,-8.57,-37.78,-1.65,-5.57,-82.23
14.145680665969849,-2.12,0.23,-200.79,3.95,-8.54,-37.85,-1.6,-5.55,-82.32
14.177009105682373,-2.09,0.18,-200.8,3.99,-8.5,-37.92,-1.56,-5.52,-82.42
14.184770584106445,-2.03,0.12,-200.83,4.03,-8.46,-37.98,-1.51,-5.5,-82.5
14.19948410987854,-1.97,0.01,-200.87,4.11,-8.38,-38.1,-1.43,-5.45,-82.65
14.209185600280762,-1.97,-0.02,-200.89,4.14,-8.34,-38.16,-1.4,-5.43,-82.72
14.230809211730957,-2.02,-0.03,-200.91,4.17,-8.29,-38.22,-1.37,-5.41,-82.78
14.236533641815186,-2,-0.05,-200.94,4.2,-8.24,-38.28,-1.34,-5.38,-82.86
14.246543407440186,-2.01,-0.11,-200.96,4.23,-8.2,-38.35,-1.32,-5.34,-82.95
14.247705221176147,-1.97,-0.21,-200.96,4.25,-8.16,-38.42,-1.31,-5.29,-83.03
14.26672887802124,-1.97,-0.22,-200.9,4.26,-8.09,-38.54,-1.33,-5.19,-83.19
14.30219030380249,-1.98,-0.18,-200.86,4.24,-8.03,-38.61,-1.34,-5.15,-83.28
